{"cameraMode":{"drawMode":0,"name":"Shaded","section":"Shading Mode"},"sceneLighting":false,"audioPlay":false,"sceneViewState":{"m_AlwaysRefresh":false,"showFog":true,"showSkybox":false,"showFlares":true,"showImageEffects":true,"showParticleSystems":true,"showVisualEffectGraphs":true,"m_FxEnabled":true},"in2DMode":false,"pivot":{"x":-0.0009444522438570857,"y":0.37372487783432009,"z":-1.0280508995056153},"rotation":{"x":-0.13193486630916596,"y":0.0035537411458790304,"z":-0.0005670615355484188,"w":-0.9913591146469116},"size":0.730950117111206,"orthographic":false}